contador; dataExecucaoComando01; timeStampExecucaoComando01; consumoCPU01; consumoCPU02; dataExecucaoComando02; timeStampExecucaoComando02; consumoMemoriaRAM; consumoSWAP
1;2025-02-10 19:54:02.093001;1739217242.093001;0.3;0.0;2025-02-10 19:54:02.249283;1739217242.249283;131680;0
2;2025-02-10 19:54:02.251796;1739217242.251796;0.3;0.0;2025-02-10 19:54:02.408966;1739217242.408966;131636;0
3;2025-02-10 19:54:02.411262;1739217242.411262;0.3;0.0;2025-02-10 19:54:02.568314;1739217242.568314;131692;0
4;2025-02-10 19:54:02.570720;1739217242.57072;0.3;0.0;2025-02-10 19:54:02.728073;1739217242.728073;131672;0
5;2025-02-10 19:54:02.731783;1739217242.731783;0.3;0.0;2025-02-10 19:54:02.888955;1739217242.888955;131740;0
6;2025-02-10 19:54:02.891523;1739217242.891523;0.3;0.0;2025-02-10 19:54:03.048114;1739217243.048114;131676;0
7;2025-02-10 19:54:03.050504;1739217243.050504;0.3;0.0;2025-02-10 19:54:03.207523;1739217243.207523;131676;0
8;2025-02-10 19:54:03.210591;1739217243.210591;0.3;0.0;2025-02-10 19:54:03.369292;1739217243.369292;131676;0
9;2025-02-10 19:54:03.371888;1739217243.371888;0.3;0.0;2025-02-10 19:54:03.529629;1739217243.529629;131668;0
10;2025-02-10 19:54:03.532397;1739217243.532397;0.3;0.0;2025-02-10 19:54:03.690299;1739217243.690299;131648;0
11;2025-02-10 19:54:03.694488;1739217243.694488;0.3;0.0;2025-02-10 19:54:03.854805;1739217243.854805;131548;0
12;2025-02-10 19:54:03.859567;1739217243.859567;0.3;0.0;2025-02-10 19:54:04.019601;1739217244.019601;131568;0
13;2025-02-10 19:54:04.024862;1739217244.024862;0.3;0.0;2025-02-10 19:54:04.186774;1739217244.186774;131584;0
14;2025-02-10 19:54:04.196173;1739217244.196173;0.3;0.0;2025-02-10 19:54:04.359066;1739217244.359066;131576;0
15;2025-02-10 19:54:04.365653;1739217244.365653;0.3;0.0;2025-02-10 19:54:04.526987;1739217244.526987;131448;0
16;2025-02-10 19:54:04.534314;1739217244.534314;0.3;0.0;2025-02-10 19:54:04.694872;1739217244.694872;131544;0
17;2025-02-10 19:54:04.699300;1739217244.6993;0.3;0.0;2025-02-10 19:54:04.860293;1739217244.860293;131548;0
18;2025-02-10 19:54:04.867165;1739217244.867165;0.3;0.0;2025-02-10 19:54:05.029143;1739217245.029143;131456;0
19;2025-02-10 19:54:05.034246;1739217245.034246;0.3;0.0;2025-02-10 19:54:05.195351;1739217245.195351;131568;0
20;2025-02-10 19:54:05.200692;1739217245.200692;0.3;0.0;2025-02-10 19:54:05.362778;1739217245.362778;131604;0
21;2025-02-10 19:54:05.368668;1739217245.368668;0.3;0.0;2025-02-10 19:54:05.528927;1739217245.528927;131560;0
22;2025-02-10 19:54:05.534038;1739217245.534038;0.3;0.0;2025-02-10 19:54:05.696444;1739217245.696444;131644;0
23;2025-02-10 19:54:05.701291;1739217245.701291;0.3;0.0;2025-02-10 19:54:05.863760;1739217245.86376;131576;0
24;2025-02-10 19:54:05.869005;1739217245.869005;0.3;0.0;2025-02-10 19:54:06.032258;1739217246.032258;131524;0
25;2025-02-10 19:54:06.037832;1739217246.037832;0.3;0.0;2025-02-10 19:54:06.200260;1739217246.20026;131512;0
26;2025-02-10 19:54:06.205252;1739217246.205252;0.3;0.0;2025-02-10 19:54:06.369827;1739217246.369827;131632;0
27;2025-02-10 19:54:06.374134;1739217246.374134;0.3;0.0;2025-02-10 19:54:06.534630;1739217246.53463;131684;0
28;2025-02-10 19:54:06.539907;1739217246.539907;0.3;0.0;2025-02-10 19:54:06.702359;1739217246.702359;131708;0
29;2025-02-10 19:54:06.706988;1739217246.706988;0.3;0.0;2025-02-10 19:54:06.867541;1739217246.867541;131680;0
30;2025-02-10 19:54:06.873319;1739217246.873319;0.3;0.0;2025-02-10 19:54:07.033770;1739217247.03377;131680;0
31;2025-02-10 19:54:07.038787;1739217247.038787;0.3;0.0;2025-02-10 19:54:07.199766;1739217247.199766;131732;0
32;2025-02-10 19:54:07.204026;1739217247.204026;0.3;0.0;2025-02-10 19:54:07.367891;1739217247.367891;131600;0
33;2025-02-10 19:54:07.377010;1739217247.37701;0.3;0.0;2025-02-10 19:54:07.539811;1739217247.539811;131652;0
34;2025-02-10 19:54:07.543759;1739217247.543759;0.3;0.0;2025-02-10 19:54:07.704950;1739217247.70495;131664;0
35;2025-02-10 19:54:07.708683;1739217247.708683;0.3;0.0;2025-02-10 19:54:07.871005;1739217247.871005;131720;0
36;2025-02-10 19:54:07.875181;1739217247.875181;0.3;0.0;2025-02-10 19:54:08.043998;1739217248.043998;131692;0
37;2025-02-10 19:54:08.048485;1739217248.048485;0.3;0.0;2025-02-10 19:54:08.208951;1739217248.208951;131664;0
38;2025-02-10 19:54:08.214249;1739217248.214249;0.3;0.0;2025-02-10 19:54:08.375458;1739217248.375458;131772;0
39;2025-02-10 19:54:08.380310;1739217248.38031;0.3;0.0;2025-02-10 19:54:08.542221;1739217248.542221;131736;0
40;2025-02-10 19:54:08.546507;1739217248.546507;0.3;0.0;2025-02-10 19:54:08.708088;1739217248.708088;131720;0
41;2025-02-10 19:54:08.713602;1739217248.713602;0.3;0.0;2025-02-10 19:54:08.874892;1739217248.874892;131756;0
42;2025-02-10 19:54:08.880454;1739217248.880454;0.3;0.0;2025-02-10 19:54:09.042517;1739217249.042517;131740;0
43;2025-02-10 19:54:09.046903;1739217249.046903;0.3;0.0;2025-02-10 19:54:09.207368;1739217249.207368;131616;0
44;2025-02-10 19:54:09.213343;1739217249.213343;0.3;0.0;2025-02-10 19:54:09.374718;1739217249.374718;131452;0
45;2025-02-10 19:54:09.383716;1739217249.383716;0.3;0.0;2025-02-10 19:54:09.548153;1739217249.548153;131604;0
46;2025-02-10 19:54:09.554064;1739217249.554064;0.3;0.0;2025-02-10 19:54:09.714015;1739217249.714015;131548;0
47;2025-02-10 19:54:09.718553;1739217249.718553;0.3;0.0;2025-02-10 19:54:09.880202;1739217249.880202;131480;0
48;2025-02-10 19:54:09.885018;1739217249.885018;0.3;0.0;2025-02-10 19:54:10.046581;1739217250.046581;131592;0
49;2025-02-10 19:54:10.051309;1739217250.051309;0.3;0.0;2025-02-10 19:54:10.211707;1739217250.211707;131496;0
50;2025-02-10 19:54:10.217860;1739217250.21786;0.3;0.0;2025-02-10 19:54:10.380851;1739217250.380851;131564;0
51;2025-02-10 19:54:10.386816;1739217250.386816;0.3;0.0;2025-02-10 19:54:10.549870;1739217250.54987;131520;0
52;2025-02-10 19:54:10.554723;1739217250.554723;0.3;0.0;2025-02-10 19:54:10.715512;1739217250.715512;131508;0
53;2025-02-10 19:54:10.720515;1739217250.720515;0.3;0.0;2025-02-10 19:54:10.885007;1739217250.885007;131600;0
54;2025-02-10 19:54:10.890739;1739217250.890739;0.3;0.0;2025-02-10 19:54:11.051734;1739217251.051734;131596;0
55;2025-02-10 19:54:11.055899;1739217251.055899;0.3;0.0;2025-02-10 19:54:11.221839;1739217251.221839;131640;0
56;2025-02-10 19:54:11.230799;1739217251.230799;0.3;0.0;2025-02-10 19:54:11.392206;1739217251.392206;131760;0
57;2025-02-10 19:54:11.397269;1739217251.397269;0.3;0.0;2025-02-10 19:54:11.557833;1739217251.557833;131708;0
58;2025-02-10 19:54:11.563398;1739217251.563398;0.3;0.0;2025-02-10 19:54:11.723888;1739217251.723888;131540;0
59;2025-02-10 19:54:11.730342;1739217251.730342;0.3;0.0;2025-02-10 19:54:11.893769;1739217251.893769;131676;0
60;2025-02-10 19:54:11.898847;1739217251.898847;0.3;0.0;2025-02-10 19:54:12.059779;1739217252.059779;131732;0
61;2025-02-10 19:54:12.063684;1739217252.063684;0.3;0.0;2025-02-10 19:54:12.223867;1739217252.223867;131660;0
62;2025-02-10 19:54:12.227899;1739217252.227899;0.3;0.0;2025-02-10 19:54:12.389444;1739217252.389444;131696;0
63;2025-02-10 19:54:12.395816;1739217252.395816;0.3;0.0;2025-02-10 19:54:12.559914;1739217252.559914;131664;0
64;2025-02-10 19:54:12.571159;1739217252.571159;0.3;0.0;2025-02-10 19:54:12.730907;1739217252.730907;131776;0
65;2025-02-10 19:54:12.734467;1739217252.734467;0.3;0.0;2025-02-10 19:54:12.893122;1739217252.893122;131672;0
66;2025-02-10 19:54:12.897056;1739217252.897056;0.3;0.0;2025-02-10 19:54:13.056038;1739217253.056038;131800;0
67;2025-02-10 19:54:13.058841;1739217253.058841;0.3;0.0;2025-02-10 19:54:13.215910;1739217253.21591;131836;0
68;2025-02-10 19:54:13.219124;1739217253.219124;0.3;0.0;2025-02-10 19:54:13.377120;1739217253.37712;131828;0
69;2025-02-10 19:54:13.382650;1739217253.38265;0.3;0.0;2025-02-10 19:54:13.545401;1739217253.545401;131788;0
70;2025-02-10 19:54:13.551330;1739217253.55133;0.3;0.0;2025-02-10 19:54:13.711664;1739217253.711664;131820;0
71;2025-02-10 19:54:13.716444;1739217253.716444;0.3;0.0;2025-02-10 19:54:13.876474;1739217253.876474;131660;0
72;2025-02-10 19:54:13.880637;1739217253.880637;0.3;0.0;2025-02-10 19:54:14.039273;1739217254.039273;131712;0
73;2025-02-10 19:54:14.044720;1739217254.04472;0.3;0.0;2025-02-10 19:54:14.207558;1739217254.207558;131780;0
74;2025-02-10 19:54:14.212099;1739217254.212099;0.3;0.0;2025-02-10 19:54:14.375961;1739217254.375961;131752;0
75;2025-02-10 19:54:14.380330;1739217254.38033;0.3;0.0;2025-02-10 19:54:14.543547;1739217254.543547;131752;0
76;2025-02-10 19:54:14.550428;1739217254.550428;0.3;0.0;2025-02-10 19:54:14.710996;1739217254.710996;131640;0
77;2025-02-10 19:54:14.716412;1739217254.716412;0.3;0.0;2025-02-10 19:54:14.877135;1739217254.877135;131628;0
78;2025-02-10 19:54:14.879691;1739217254.879691;0.3;0.0;2025-02-10 19:54:15.039135;1739217255.039135;131760;0
79;2025-02-10 19:54:15.042783;1739217255.042783;0.3;0.0;2025-02-10 19:54:15.201364;1739217255.201364;131652;0
80;2025-02-10 19:54:15.206899;1739217255.206899;0.3;0.0;2025-02-10 19:54:15.368391;1739217255.368391;131724;0
81;2025-02-10 19:54:15.373235;1739217255.373235;0.3;0.0;2025-02-10 19:54:15.531973;1739217255.531973;131660;0
82;2025-02-10 19:54:15.534692;1739217255.534692;0.3;0.0;2025-02-10 19:54:15.692354;1739217255.692354;131688;0
83;2025-02-10 19:54:15.698937;1739217255.698937;0.3;0.0;2025-02-10 19:54:15.858685;1739217255.858685;131676;0
84;2025-02-10 19:54:15.861905;1739217255.861905;0.3;0.0;2025-02-10 19:54:16.019310;1739217256.01931;131652;0
85;2025-02-10 19:54:16.022121;1739217256.022121;0.3;0.0;2025-02-10 19:54:16.180615;1739217256.180615;131668;0
86;2025-02-10 19:54:16.185030;1739217256.18503;0.3;0.0;2025-02-10 19:54:16.347880;1739217256.34788;131700;0
87;2025-02-10 19:54:16.351719;1739217256.351719;0.3;0.0;2025-02-10 19:54:16.508852;1739217256.508852;131724;0
88;2025-02-10 19:54:16.515260;1739217256.51526;0.3;0.0;2025-02-10 19:54:16.676318;1739217256.676318;131636;0
89;2025-02-10 19:54:16.680691;1739217256.680691;0.3;0.0;2025-02-10 19:54:16.841993;1739217256.841993;131612;0
90;2025-02-10 19:54:16.845623;1739217256.845623;0.3;0.0;2025-02-10 19:54:17.009395;1739217257.009395;131596;0
91;2025-02-10 19:54:17.012974;1739217257.012974;0.3;0.0;2025-02-10 19:54:17.173819;1739217257.173819;131624;0
92;2025-02-10 19:54:17.178491;1739217257.178491;0.3;0.0;2025-02-10 19:54:17.339866;1739217257.339866;131644;0
93;2025-02-10 19:54:17.343030;1739217257.34303;0.3;0.0;2025-02-10 19:54:17.502268;1739217257.502268;131704;0
94;2025-02-10 19:54:17.505736;1739217257.505736;0.3;0.0;2025-02-10 19:54:17.670208;1739217257.670208;131716;0
95;2025-02-10 19:54:17.674577;1739217257.674577;0.3;0.0;2025-02-10 19:54:17.837456;1739217257.837456;131672;0
96;2025-02-10 19:54:17.846275;1739217257.846275;0.3;0.0;2025-02-10 19:54:18.009566;1739217258.009566;131888;0
97;2025-02-10 19:54:18.012556;1739217258.012556;0.3;0.0;2025-02-10 19:54:18.173638;1739217258.173638;131700;0
98;2025-02-10 19:54:18.178251;1739217258.178251;0.3;0.0;2025-02-10 19:54:18.340464;1739217258.340464;131696;0
99;2025-02-10 19:54:18.344684;1739217258.344684;0.3;0.0;2025-02-10 19:54:18.506724;1739217258.506724;131624;0
100;2025-02-10 19:54:18.510889;1739217258.510889;0.3;0.0;2025-02-10 19:54:18.676351;1739217258.676351;131656;0
101;2025-02-10 19:54:18.685998;1739217258.685998;0.3;0.0;2025-02-10 19:54:18.850189;1739217258.850189;131716;0
102;2025-02-10 19:54:18.856401;1739217258.856401;0.3;0.0;2025-02-10 19:54:19.020644;1739217259.020644;131720;0
103;2025-02-10 19:54:19.024847;1739217259.024847;0.3;0.0;2025-02-10 19:54:19.188715;1739217259.188715;131660;0
104;2025-02-10 19:54:19.196629;1739217259.196629;0.3;0.0;2025-02-10 19:54:19.359327;1739217259.359327;131680;0
105;2025-02-10 19:54:19.365282;1739217259.365282;0.3;0.0;2025-02-10 19:54:19.530153;1739217259.530153;131620;0
106;2025-02-10 19:54:19.538347;1739217259.538347;0.3;0.0;2025-02-10 19:54:19.707859;1739217259.707859;131720;0
107;2025-02-10 19:54:19.714343;1739217259.714343;0.3;0.0;2025-02-10 19:54:19.878357;1739217259.878357;131684;0
108;2025-02-10 19:54:19.884193;1739217259.884193;0.3;0.0;2025-02-10 19:54:20.046835;1739217260.046835;131672;0
109;2025-02-10 19:54:20.055132;1739217260.055132;0.3;0.0;2025-02-10 19:54:20.219995;1739217260.219995;131684;0
110;2025-02-10 19:54:20.225731;1739217260.225731;0.3;0.0;2025-02-10 19:54:20.388893;1739217260.388893;131724;0
111;2025-02-10 19:54:20.394273;1739217260.394273;0.3;0.0;2025-02-10 19:54:20.557664;1739217260.557664;131688;0
112;2025-02-10 19:54:20.562815;1739217260.562815;0.3;0.0;2025-02-10 19:54:20.727381;1739217260.727381;131608;0
113;2025-02-10 19:54:20.734397;1739217260.734397;0.3;0.0;2025-02-10 19:54:20.897830;1739217260.89783;131672;0
114;2025-02-10 19:54:20.901860;1739217260.90186;0.3;0.0;2025-02-10 19:54:21.066211;1739217261.066211;131748;0
115;2025-02-10 19:54:21.070931;1739217261.070931;0.3;0.0;2025-02-10 19:54:21.234509;1739217261.234509;131856;0
116;2025-02-10 19:54:21.240348;1739217261.240348;0.3;0.0;2025-02-10 19:54:21.402521;1739217261.402521;131700;0
117;2025-02-10 19:54:21.407965;1739217261.407965;0.3;0.0;2025-02-10 19:54:21.570629;1739217261.570629;131760;0
118;2025-02-10 19:54:21.578128;1739217261.578128;0.3;0.0;2025-02-10 19:54:21.744547;1739217261.744547;131788;0
119;2025-02-10 19:54:21.750027;1739217261.750027;0.3;0.0;2025-02-10 19:54:21.912436;1739217261.912436;131688;0
120;2025-02-10 19:54:21.918166;1739217261.918166;0.3;0.0;2025-02-10 19:54:22.079333;1739217262.079333;131752;0
121;2025-02-10 19:54:22.085493;1739217262.085493;0.3;0.0;2025-02-10 19:54:22.248325;1739217262.248325;131736;0
122;2025-02-10 19:54:22.254507;1739217262.254507;0.3;0.0;2025-02-10 19:54:22.421657;1739217262.421657;131740;0
123;2025-02-10 19:54:22.426824;1739217262.426824;0.3;0.0;2025-02-10 19:54:22.593318;1739217262.593318;131696;0
124;2025-02-10 19:54:22.602533;1739217262.602533;0.3;0.0;2025-02-10 19:54:22.766239;1739217262.766239;131704;0
125;2025-02-10 19:54:22.771912;1739217262.771912;0.3;0.0;2025-02-10 19:54:22.935737;1739217262.935737;131600;0
126;2025-02-10 19:54:22.941882;1739217262.941882;0.3;0.0;2025-02-10 19:54:23.108389;1739217263.108389;131660;0
127;2025-02-10 19:54:23.113455;1739217263.113455;0.3;0.0;2025-02-10 19:54:23.276308;1739217263.276308;131696;0
128;2025-02-10 19:54:23.281654;1739217263.281654;0.3;0.0;2025-02-10 19:54:23.446730;1739217263.44673;131580;0
129;2025-02-10 19:54:23.454579;1739217263.454579;0.3;0.0;2025-02-10 19:54:23.617402;1739217263.617402;131608;0
130;2025-02-10 19:54:23.623097;1739217263.623097;0.3;0.0;2025-02-10 19:54:23.788689;1739217263.788689;131660;0
131;2025-02-10 19:54:23.793789;1739217263.793789;0.3;0.0;2025-02-10 19:54:23.956376;1739217263.956376;131692;0
132;2025-02-10 19:54:23.961947;1739217263.961947;0.3;0.0;2025-02-10 19:54:24.129899;1739217264.129899;131716;0
133;2025-02-10 19:54:24.135836;1739217264.135836;0.3;0.0;2025-02-10 19:54:24.300555;1739217264.300555;131720;0
134;2025-02-10 19:54:24.305788;1739217264.305788;0.3;0.0;2025-02-10 19:54:24.469907;1739217264.469907;131888;0
135;2025-02-10 19:54:24.475000;1739217264.475;0.3;0.0;2025-02-10 19:54:24.637737;1739217264.637737;131772;0
136;2025-02-10 19:54:24.644021;1739217264.644021;0.3;0.0;2025-02-10 19:54:24.805710;1739217264.80571;131768;0
137;2025-02-10 19:54:24.811594;1739217264.811594;0.3;0.0;2025-02-10 19:54:24.978578;1739217264.978578;131796;0
138;2025-02-10 19:54:24.984234;1739217264.984234;0.3;0.0;2025-02-10 19:54:25.149923;1739217265.149923;131672;0
139;2025-02-10 19:54:25.154911;1739217265.154911;0.3;0.0;2025-02-10 19:54:25.321118;1739217265.321118;131752;0
140;2025-02-10 19:54:25.326579;1739217265.326579;0.3;0.0;2025-02-10 19:54:25.491452;1739217265.491452;131772;0
141;2025-02-10 19:54:25.496913;1739217265.496913;0.3;0.0;2025-02-10 19:54:25.659677;1739217265.659677;131800;0
142;2025-02-10 19:54:25.665619;1739217265.665619;0.3;0.0;2025-02-10 19:54:25.828956;1739217265.828956;131828;0
143;2025-02-10 19:54:25.834133;1739217265.834133;0.3;0.0;2025-02-10 19:54:26.001060;1739217266.00106;131760;0
144;2025-02-10 19:54:26.006533;1739217266.006533;0.3;0.0;2025-02-10 19:54:26.169228;1739217266.169228;131632;0
145;2025-02-10 19:54:26.175967;1739217266.175967;0.3;0.0;2025-02-10 19:54:26.338889;1739217266.338889;131784;0
146;2025-02-10 19:54:26.343931;1739217266.343931;0.3;0.0;2025-02-10 19:54:26.509012;1739217266.509012;131780;0
147;2025-02-10 19:54:26.513644;1739217266.513644;0.3;0.0;2025-02-10 19:54:26.675872;1739217266.675872;131748;0
148;2025-02-10 19:54:26.680870;1739217266.68087;0.3;0.0;2025-02-10 19:54:26.855712;1739217266.855712;131712;0
149;2025-02-10 19:54:26.861467;1739217266.861467;0.3;0.0;2025-02-10 19:54:27.026314;1739217267.026314;131740;0
150;2025-02-10 19:54:27.031564;1739217267.031564;0.3;0.0;2025-02-10 19:54:27.195193;1739217267.195193;131660;0
151;2025-02-10 19:54:27.199767;1739217267.199767;0.3;0.0;2025-02-10 19:54:27.362102;1739217267.362102;131768;0
152;2025-02-10 19:54:27.370049;1739217267.370049;0.3;0.0;2025-02-10 19:54:27.531524;1739217267.531524;131724;0
153;2025-02-10 19:54:27.536361;1739217267.536361;0.3;0.0;2025-02-10 19:54:27.702487;1739217267.702487;131616;0
154;2025-02-10 19:54:27.707357;1739217267.707357;0.3;0.0;2025-02-10 19:54:27.871280;1739217267.87128;131620;0
155;2025-02-10 19:54:27.876255;1739217267.876255;0.3;0.0;2025-02-10 19:54:28.040534;1739217268.040534;131656;0
156;2025-02-10 19:54:28.045608;1739217268.045608;0.3;0.0;2025-02-10 19:54:28.208760;1739217268.20876;131652;0
157;2025-02-10 19:54:28.216338;1739217268.216338;0.3;0.0;2025-02-10 19:54:28.378059;1739217268.378059;131652;0
158;2025-02-10 19:54:28.385789;1739217268.385789;0.3;0.0;2025-02-10 19:54:28.551272;1739217268.551272;131612;0
159;2025-02-10 19:54:28.559914;1739217268.559914;0.3;0.0;2025-02-10 19:54:28.725795;1739217268.725795;131704;0
160;2025-02-10 19:54:28.732064;1739217268.732064;0.3;0.0;2025-02-10 19:54:28.895019;1739217268.895019;131740;0
161;2025-02-10 19:54:28.900008;1739217268.900008;0.3;0.0;2025-02-10 19:54:29.064434;1739217269.064434;131704;0
162;2025-02-10 19:54:29.069407;1739217269.069407;0.3;0.0;2025-02-10 19:54:29.232536;1739217269.232536;131668;0
163;2025-02-10 19:54:29.238250;1739217269.23825;0.3;0.0;2025-02-10 19:54:29.400701;1739217269.400701;131500;0
164;2025-02-10 19:54:29.406881;1739217269.406881;0.3;0.0;2025-02-10 19:54:29.568496;1739217269.568496;131692;0
165;2025-02-10 19:54:29.574258;1739217269.574258;0.3;0.0;2025-02-10 19:54:29.736560;1739217269.73656;131688;0
166;2025-02-10 19:54:29.739984;1739217269.739984;0.3;0.0;2025-02-10 19:54:29.902641;1739217269.902641;131624;0
167;2025-02-10 19:54:29.910243;1739217269.910243;0.3;0.0;2025-02-10 19:54:30.081720;1739217270.08172;131660;0
168;2025-02-10 19:54:30.087734;1739217270.087734;0.3;0.0;2025-02-10 19:54:30.251184;1739217270.251184;131584;0
169;2025-02-10 19:54:30.257393;1739217270.257393;0.3;0.0;2025-02-10 19:54:30.419401;1739217270.419401;131696;0
170;2025-02-10 19:54:30.425344;1739217270.425344;0.3;0.0;2025-02-10 19:54:30.594894;1739217270.594894;131596;0
171;2025-02-10 19:54:30.599812;1739217270.599812;0.3;0.0;2025-02-10 19:54:30.765032;1739217270.765032;131604;0
172;2025-02-10 19:54:30.770735;1739217270.770735;0.3;0.0;2025-02-10 19:54:30.934510;1739217270.93451;131600;0
173;2025-02-10 19:54:30.942688;1739217270.942688;0.3;0.0;2025-02-10 19:54:31.106425;1739217271.106425;131708;0
174;2025-02-10 19:54:31.112768;1739217271.112768;0.3;0.0;2025-02-10 19:54:31.276217;1739217271.276217;131744;0
175;2025-02-10 19:54:31.281495;1739217271.281495;0.3;0.0;2025-02-10 19:54:31.445048;1739217271.445048;131844;0
176;2025-02-10 19:54:31.455526;1739217271.455526;0.3;0.0;2025-02-10 19:54:31.620832;1739217271.620832;131660;0
177;2025-02-10 19:54:31.625968;1739217271.625968;0.3;0.0;2025-02-10 19:54:31.787543;1739217271.787543;131648;0
178;2025-02-10 19:54:31.792510;1739217271.79251;0.3;0.0;2025-02-10 19:54:31.954812;1739217271.954812;131708;0
179;2025-02-10 19:54:31.960600;1739217271.9606;0.3;0.0;2025-02-10 19:54:32.128121;1739217272.128121;131684;0
180;2025-02-10 19:54:32.133793;1739217272.133793;0.3;0.0;2025-02-10 19:54:32.298881;1739217272.298881;131664;0
181;2025-02-10 19:54:32.304001;1739217272.304001;0.3;0.0;2025-02-10 19:54:32.467902;1739217272.467902;131628;0
182;2025-02-10 19:54:32.473535;1739217272.473535;0.3;0.0;2025-02-10 19:54:32.635013;1739217272.635013;131656;0
183;2025-02-10 19:54:32.640929;1739217272.640929;0.3;0.0;2025-02-10 19:54:32.806799;1739217272.806799;131620;0
184;2025-02-10 19:54:32.812567;1739217272.812567;0.3;0.0;2025-02-10 19:54:32.976843;1739217272.976843;131592;0
185;2025-02-10 19:54:32.982630;1739217272.98263;0.3;0.0;2025-02-10 19:54:33.146150;1739217273.14615;131512;0
186;2025-02-10 19:54:33.151389;1739217273.151389;0.3;0.0;2025-02-10 19:54:33.315066;1739217273.315066;131600;0
187;2025-02-10 19:54:33.320416;1739217273.320416;0.3;0.0;2025-02-10 19:54:33.485248;1739217273.485248;131448;0
188;2025-02-10 19:54:33.491973;1739217273.491973;0.3;0.0;2025-02-10 19:54:33.655553;1739217273.655553;131688;0
189;2025-02-10 19:54:33.661285;1739217273.661285;0.3;0.0;2025-02-10 19:54:33.828190;1739217273.82819;131612;0
190;2025-02-10 19:54:33.833273;1739217273.833273;0.3;0.0;2025-02-10 19:54:33.997175;1739217273.997175;131576;0
191;2025-02-10 19:54:34.003187;1739217274.003187;0.3;0.0;2025-02-10 19:54:34.166627;1739217274.166627;131628;0
192;2025-02-10 19:54:34.170802;1739217274.170802;0.3;0.0;2025-02-10 19:54:34.332763;1739217274.332763;131604;0
193;2025-02-10 19:54:34.336994;1739217274.336994;0.3;0.0;2025-02-10 19:54:34.506138;1739217274.506138;131672;0
194;2025-02-10 19:54:34.511200;1739217274.5112;0.3;0.0;2025-02-10 19:54:34.675331;1739217274.675331;131708;0
195;2025-02-10 19:54:34.681784;1739217274.681784;0.3;0.0;2025-02-10 19:54:34.843059;1739217274.843059;131616;0
196;2025-02-10 19:54:34.848721;1739217274.848721;0.3;0.0;2025-02-10 19:54:35.010137;1739217275.010137;131644;0
197;2025-02-10 19:54:35.015720;1739217275.01572;0.3;0.0;2025-02-10 19:54:35.181755;1739217275.181755;131616;0
198;2025-02-10 19:54:35.187750;1739217275.18775;0.3;0.0;2025-02-10 19:54:35.351532;1739217275.351532;131580;0
199;2025-02-10 19:54:35.356711;1739217275.356711;0.3;0.0;2025-02-10 19:54:35.520288;1739217275.520288;131516;0
200;2025-02-10 19:54:35.526073;1739217275.526073;0.3;0.0;2025-02-10 19:54:35.690672;1739217275.690672;131524;0
201;2025-02-10 19:54:35.695084;1739217275.695084;0.3;0.0;2025-02-10 19:54:35.859835;1739217275.859835;131576;0
202;2025-02-10 19:54:35.869402;1739217275.869402;0.3;0.0;2025-02-10 19:54:36.035292;1739217276.035292;131604;0
203;2025-02-10 19:54:36.040532;1739217276.040532;0.3;0.0;2025-02-10 19:54:36.205102;1739217276.205102;131608;0
204;2025-02-10 19:54:36.211748;1739217276.211748;0.3;0.0;2025-02-10 19:54:36.375596;1739217276.375596;131504;0
205;2025-02-10 19:54:36.380599;1739217276.380599;0.3;0.0;2025-02-10 19:54:36.545418;1739217276.545418;131632;0
206;2025-02-10 19:54:36.550263;1739217276.550263;0.3;0.0;2025-02-10 19:54:36.713731;1739217276.713731;131672;0
207;2025-02-10 19:54:36.719340;1739217276.71934;0.3;0.0;2025-02-10 19:54:36.883062;1739217276.883062;131632;0
208;2025-02-10 19:54:36.888499;1739217276.888499;0.3;0.0;2025-02-10 19:54:37.050808;1739217277.050808;131668;0
209;2025-02-10 19:54:37.057022;1739217277.057022;0.3;0.0;2025-02-10 19:54:37.219936;1739217277.219936;131704;0
210;2025-02-10 19:54:37.226092;1739217277.226092;0.3;0.0;2025-02-10 19:54:37.388644;1739217277.388644;131684;0
211;2025-02-10 19:54:37.394447;1739217277.394447;0.3;0.0;2025-02-10 19:54:37.557247;1739217277.557247;131724;0
212;2025-02-10 19:54:37.562312;1739217277.562312;0.3;0.0;2025-02-10 19:54:37.726483;1739217277.726483;131760;0
213;2025-02-10 19:54:37.731893;1739217277.731893;0.3;0.0;2025-02-10 19:54:37.894835;1739217277.894835;131804;0
214;2025-02-10 19:54:37.900022;1739217277.900022;0.3;0.0;2025-02-10 19:54:38.064054;1739217278.064054;131640;0
215;2025-02-10 19:54:38.071093;1739217278.071093;0.3;0.0;2025-02-10 19:54:38.240519;1739217278.240519;131628;0
216;2025-02-10 19:54:38.245912;1739217278.245912;0.3;0.0;2025-02-10 19:54:38.408985;1739217278.408985;131556;0
217;2025-02-10 19:54:38.413344;1739217278.413344;0.3;0.0;2025-02-10 19:54:38.576039;1739217278.576039;131560;0
218;2025-02-10 19:54:38.580942;1739217278.580942;0.3;0.0;2025-02-10 19:54:38.743196;1739217278.743196;131588;0
219;2025-02-10 19:54:38.749210;1739217278.74921;0.3;0.0;2025-02-10 19:54:38.913754;1739217278.913754;131520;0
220;2025-02-10 19:54:38.919722;1739217278.919722;0.3;0.0;2025-02-10 19:54:39.081206;1739217279.081206;131620;0
221;2025-02-10 19:54:39.087052;1739217279.087052;0.3;0.0;2025-02-10 19:54:39.258023;1739217279.258023;131616;0
222;2025-02-10 19:54:39.262930;1739217279.26293;0.3;0.0;2025-02-10 19:54:39.428308;1739217279.428308;131636;0
223;2025-02-10 19:54:39.434168;1739217279.434168;0.3;0.0;2025-02-10 19:54:39.598330;1739217279.59833;131632;0
224;2025-02-10 19:54:39.604597;1739217279.604597;0.3;0.0;2025-02-10 19:54:39.768247;1739217279.768247;131616;0
225;2025-02-10 19:54:39.773866;1739217279.773866;0.3;0.0;2025-02-10 19:54:39.938777;1739217279.938777;131620;0
226;2025-02-10 19:54:39.943979;1739217279.943979;0.3;0.0;2025-02-10 19:54:40.111040;1739217280.11104;131764;0
227;2025-02-10 19:54:40.116260;1739217280.11626;0.3;0.0;2025-02-10 19:54:40.278400;1739217280.2784;131712;0
228;2025-02-10 19:54:40.283138;1739217280.283138;0.3;0.0;2025-02-10 19:54:40.446365;1739217280.446365;131740;0
229;2025-02-10 19:54:40.452458;1739217280.452458;0.3;0.0;2025-02-10 19:54:40.615757;1739217280.615757;131776;0
230;2025-02-10 19:54:40.620775;1739217280.620775;0.3;0.0;2025-02-10 19:54:40.783274;1739217280.783274;131848;0
231;2025-02-10 19:54:40.789642;1739217280.789642;0.3;0.0;2025-02-10 19:54:40.951395;1739217280.951395;131844;0
232;2025-02-10 19:54:40.957926;1739217280.957926;0.3;0.0;2025-02-10 19:54:41.123236;1739217281.123236;131912;0
233;2025-02-10 19:54:41.128181;1739217281.128181;0.3;0.0;2025-02-10 19:54:41.291240;1739217281.29124;131796;0
234;2025-02-10 19:54:41.296747;1739217281.296747;0.3;0.0;2025-02-10 19:54:41.461708;1739217281.461708;131888;0
235;2025-02-10 19:54:41.466925;1739217281.466925;0.3;0.0;2025-02-10 19:54:41.631010;1739217281.63101;131840;0
236;2025-02-10 19:54:41.635450;1739217281.63545;0.3;0.0;2025-02-10 19:54:41.800971;1739217281.800971;131672;0
237;2025-02-10 19:54:41.807143;1739217281.807143;0.3;0.0;2025-02-10 19:54:41.974781;1739217281.974781;131676;0
238;2025-02-10 19:54:41.979561;1739217281.979561;0.3;0.0;2025-02-10 19:54:42.144430;1739217282.14443;131696;0
239;2025-02-10 19:54:42.150755;1739217282.150755;0.3;0.0;2025-02-10 19:54:42.312295;1739217282.312295;131616;0
240;2025-02-10 19:54:42.318324;1739217282.318324;0.3;0.0;2025-02-10 19:54:42.482798;1739217282.482798;131800;0
241;2025-02-10 19:54:42.488890;1739217282.48889;0.3;0.0;2025-02-10 19:54:42.658708;1739217282.658708;131736;0
242;2025-02-10 19:54:42.663680;1739217282.66368;0.3;0.0;2025-02-10 19:54:42.835484;1739217282.835484;131712;0
243;2025-02-10 19:54:42.840807;1739217282.840807;0.3;0.0;2025-02-10 19:54:43.004226;1739217283.004226;131708;0
244;2025-02-10 19:54:43.009454;1739217283.009454;0.3;0.0;2025-02-10 19:54:43.184070;1739217283.18407;131616;0
245;2025-02-10 19:54:43.189809;1739217283.189809;0.3;0.0;2025-02-10 19:54:43.353693;1739217283.353693;131720;0
246;2025-02-10 19:54:43.360136;1739217283.360136;0.3;0.0;2025-02-10 19:54:43.525170;1739217283.52517;131664;0
247;2025-02-10 19:54:43.531654;1739217283.531654;0.3;0.0;2025-02-10 19:54:43.694571;1739217283.694571;131656;0
248;2025-02-10 19:54:43.699203;1739217283.699203;0.3;0.0;2025-02-10 19:54:43.864155;1739217283.864155;131716;0
249;2025-02-10 19:54:43.869585;1739217283.869585;0.3;0.0;2025-02-10 19:54:44.032731;1739217284.032731;131648;0
250;2025-02-10 19:54:44.038496;1739217284.038496;0.3;0.0;2025-02-10 19:54:44.204175;1739217284.204175;131532;0
251;2025-02-10 19:54:44.211651;1739217284.211651;0.3;0.0;2025-02-10 19:54:44.373963;1739217284.373963;131648;0
252;2025-02-10 19:54:44.378317;1739217284.378317;0.3;0.0;2025-02-10 19:54:44.543172;1739217284.543172;131696;0
253;2025-02-10 19:54:44.547785;1739217284.547785;0.3;0.0;2025-02-10 19:54:44.710061;1739217284.710061;131656;0
254;2025-02-10 19:54:44.714752;1739217284.714752;0.3;0.0;2025-02-10 19:54:44.878498;1739217284.878498;131684;0
255;2025-02-10 19:54:44.885655;1739217284.885655;0.3;0.0;2025-02-10 19:54:45.048637;1739217285.048637;131596;0
256;2025-02-10 19:54:45.054513;1739217285.054513;0.3;0.0;2025-02-10 19:54:45.217714;1739217285.217714;131592;0
257;2025-02-10 19:54:45.222363;1739217285.222363;0.3;0.0;2025-02-10 19:54:45.386524;1739217285.386524;131672;0
258;2025-02-10 19:54:45.390637;1739217285.390637;0.3;0.0;2025-02-10 19:54:45.554877;1739217285.554877;131576;0
259;2025-02-10 19:54:45.560720;1739217285.56072;0.3;0.0;2025-02-10 19:54:45.723981;1739217285.723981;131612;0
260;2025-02-10 19:54:45.745589;1739217285.745589;0.3;0.0;2025-02-10 19:54:45.910269;1739217285.910269;131732;0
261;2025-02-10 19:54:45.915586;1739217285.915586;0.3;0.0;2025-02-10 19:54:46.080206;1739217286.080206;131572;0
262;2025-02-10 19:54:46.085022;1739217286.085022;0.3;0.0;2025-02-10 19:54:46.248241;1739217286.248241;131608;0
263;2025-02-10 19:54:46.255344;1739217286.255344;0.3;0.0;2025-02-10 19:54:46.423197;1739217286.423197;131816;0
264;2025-02-10 19:54:46.430195;1739217286.430195;0.3;0.0;2025-02-10 19:54:46.594308;1739217286.594308;131812;0
265;2025-02-10 19:54:46.599172;1739217286.599172;0.3;0.0;2025-02-10 19:54:46.762624;1739217286.762624;131840;0
266;2025-02-10 19:54:46.768355;1739217286.768355;0.3;0.0;2025-02-10 19:54:46.930329;1739217286.930329;131656;0
267;2025-02-10 19:54:46.934814;1739217286.934814;0.3;0.0;2025-02-10 19:54:47.098475;1739217287.098475;131740;0
268;2025-02-10 19:54:47.104557;1739217287.104557;0.3;0.0;2025-02-10 19:54:47.267370;1739217287.26737;131788;0
269;2025-02-10 19:54:47.272576;1739217287.272576;0.3;0.0;2025-02-10 19:54:47.436835;1739217287.436835;131848;0
270;2025-02-10 19:54:47.443338;1739217287.443338;0.3;0.0;2025-02-10 19:54:47.606668;1739217287.606668;131884;0
271;2025-02-10 19:54:47.611819;1739217287.611819;0.3;0.0;2025-02-10 19:54:47.775073;1739217287.775073;131796;0
272;2025-02-10 19:54:47.779613;1739217287.779613;0.3;0.0;2025-02-10 19:54:47.941940;1739217287.94194;131760;0
273;2025-02-10 19:54:47.946566;1739217287.946566;0.3;0.0;2025-02-10 19:54:48.119360;1739217288.11936;131756;0
274;2025-02-10 19:54:48.125056;1739217288.125056;0.3;0.0;2025-02-10 19:54:48.289602;1739217288.289602;131656;0
275;2025-02-10 19:54:48.295424;1739217288.295424;0.3;0.0;2025-02-10 19:54:48.459029;1739217288.459029;131592;0
276;2025-02-10 19:54:48.464494;1739217288.464494;0.3;0.0;2025-02-10 19:54:48.628019;1739217288.628019;131716;0
277;2025-02-10 19:54:48.633400;1739217288.6334;0.3;0.0;2025-02-10 19:54:48.799146;1739217288.799146;131684;0
278;2025-02-10 19:54:48.805468;1739217288.805468;0.3;0.0;2025-02-10 19:54:48.968926;1739217288.968926;131600;0
279;2025-02-10 19:54:48.974315;1739217288.974315;0.3;0.0;2025-02-10 19:54:49.136980;1739217289.13698;131780;0
280;2025-02-10 19:54:49.141786;1739217289.141786;0.3;0.0;2025-02-10 19:54:49.303921;1739217289.303921;131716;0
281;2025-02-10 19:54:49.309568;1739217289.309568;0.3;0.0;2025-02-10 19:54:49.473198;1739217289.473198;131644;0
282;2025-02-10 19:54:49.477549;1739217289.477549;0.3;0.0;2025-02-10 19:54:49.643146;1739217289.643146;131668;0
283;2025-02-10 19:54:49.648808;1739217289.648808;0.3;0.0;2025-02-10 19:54:49.815257;1739217289.815257;131700;0
284;2025-02-10 19:54:49.820627;1739217289.820627;0.3;0.0;2025-02-10 19:54:49.993230;1739217289.99323;131584;0
285;2025-02-10 19:54:49.998610;1739217289.99861;0.3;0.0;2025-02-10 19:54:50.163960;1739217290.16396;131652;0
286;2025-02-10 19:54:50.169916;1739217290.169916;0.3;0.0;2025-02-10 19:54:50.335018;1739217290.335018;131720;0
287;2025-02-10 19:54:50.340248;1739217290.340248;0.3;0.0;2025-02-10 19:54:50.503777;1739217290.503777;131632;0
288;2025-02-10 19:54:50.508448;1739217290.508448;0.3;0.0;2025-02-10 19:54:50.672656;1739217290.672656;131700;0
289;2025-02-10 19:54:50.677518;1739217290.677518;0.3;0.0;2025-02-10 19:54:50.841696;1739217290.841696;131664;0
290;2025-02-10 19:54:50.847103;1739217290.847103;0.3;0.0;2025-02-10 19:54:51.012898;1739217291.012898;131536;0
291;2025-02-10 19:54:51.018746;1739217291.018746;0.3;0.0;2025-02-10 19:54:51.180555;1739217291.180555;131620;0
292;2025-02-10 19:54:51.186230;1739217291.18623;0.3;0.0;2025-02-10 19:54:51.350266;1739217291.350266;131648;0
293;2025-02-10 19:54:51.357006;1739217291.357006;0.3;0.0;2025-02-10 19:54:51.521740;1739217291.52174;131648;0
294;2025-02-10 19:54:51.527871;1739217291.527871;0.3;0.0;2025-02-10 19:54:51.693634;1739217291.693634;131520;0
295;2025-02-10 19:54:51.698384;1739217291.698384;0.3;0.0;2025-02-10 19:54:51.861757;1739217291.861757;131564;0
296;2025-02-10 19:54:51.867944;1739217291.867944;0.3;0.0;2025-02-10 19:54:52.030300;1739217292.0303;131624;0
297;2025-02-10 19:54:52.035733;1739217292.035733;0.3;0.0;2025-02-10 19:54:52.196412;1739217292.196412;131620;0
298;2025-02-10 19:54:52.202497;1739217292.202497;0.3;0.0;2025-02-10 19:54:52.364136;1739217292.364136;131656;0
299;2025-02-10 19:54:52.368544;1739217292.368544;0.3;0.0;2025-02-10 19:54:52.531280;1739217292.53128;131672;0
300;2025-02-10 19:54:52.536023;1739217292.536023;0.3;0.0;2025-02-10 19:54:52.697813;1739217292.697813;131596;0
301;2025-02-10 19:54:52.702799;1739217292.702799;0.3;0.0;2025-02-10 19:54:52.864271;1739217292.864271;131592;0
302;2025-02-10 19:54:52.868523;1739217292.868523;0.3;0.0;2025-02-10 19:54:53.030061;1739217293.030061;131688;0
303;2025-02-10 19:54:53.034726;1739217293.034726;0.3;0.0;2025-02-10 19:54:53.198547;1739217293.198547;131608;0
304;2025-02-10 19:54:53.206049;1739217293.206049;0.3;0.0;2025-02-10 19:54:53.369523;1739217293.369523;131628;0
305;2025-02-10 19:54:53.374218;1739217293.374218;0.3;0.0;2025-02-10 19:54:53.540277;1739217293.540277;131784;0
306;2025-02-10 19:54:53.544637;1739217293.544637;0.3;0.0;2025-02-10 19:54:53.706280;1739217293.70628;131668;0
307;2025-02-10 19:54:53.711758;1739217293.711758;0.3;0.0;2025-02-10 19:54:53.877980;1739217293.87798;131736;0
308;2025-02-10 19:54:53.883540;1739217293.88354;0.3;0.0;2025-02-10 19:54:54.046978;1739217294.046978;131816;0
309;2025-02-10 19:54:54.052167;1739217294.052167;0.3;0.0;2025-02-10 19:54:54.218433;1739217294.218433;131624;0
310;2025-02-10 19:54:54.231268;1739217294.231268;0.3;0.0;2025-02-10 19:54:54.395780;1739217294.39578;131748;0
311;2025-02-10 19:54:54.400608;1739217294.400608;0.3;0.0;2025-02-10 19:54:54.561807;1739217294.561807;131840;0
312;2025-02-10 19:54:54.569972;1739217294.569972;0.3;0.0;2025-02-10 19:54:54.734061;1739217294.734061;131704;0
313;2025-02-10 19:54:54.738987;1739217294.738987;0.3;0.0;2025-02-10 19:54:54.904126;1739217294.904126;131864;0
314;2025-02-10 19:54:54.910312;1739217294.910312;0.3;0.0;2025-02-10 19:54:55.073252;1739217295.073252;131796;0
315;2025-02-10 19:54:55.078278;1739217295.078278;0.3;0.0;2025-02-10 19:54:55.240978;1739217295.240978;131888;0
316;2025-02-10 19:54:55.250375;1739217295.250375;0.3;0.0;2025-02-10 19:54:55.412898;1739217295.412898;131844;0
317;2025-02-10 19:54:55.418090;1739217295.41809;0.3;0.0;2025-02-10 19:54:55.581739;1739217295.581739;131776;0
318;2025-02-10 19:54:55.586439;1739217295.586439;0.3;0.0;2025-02-10 19:54:55.748335;1739217295.748335;131816;0
319;2025-02-10 19:54:55.753860;1739217295.75386;0.3;0.0;2025-02-10 19:54:55.917220;1739217295.91722;131720;0
320;2025-02-10 19:54:55.922263;1739217295.922263;0.3;0.0;2025-02-10 19:54:56.086603;1739217296.086603;131740;0
321;2025-02-10 19:54:56.091272;1739217296.091272;0.3;0.0;2025-02-10 19:54:56.255889;1739217296.255889;131612;0
322;2025-02-10 19:54:56.261731;1739217296.261731;0.3;0.0;2025-02-10 19:54:56.424782;1739217296.424782;131584;0
323;2025-02-10 19:54:56.428321;1739217296.428321;0.3;0.0;2025-02-10 19:54:56.591682;1739217296.591682;131636;0
324;2025-02-10 19:54:56.597074;1739217296.597074;0.3;0.0;2025-02-10 19:54:56.768410;1739217296.76841;131516;0
325;2025-02-10 19:54:56.774433;1739217296.774433;0.3;0.0;2025-02-10 19:54:56.945673;1739217296.945673;131532;0
326;2025-02-10 19:54:56.950782;1739217296.950782;0.3;0.0;2025-02-10 19:54:57.115001;1739217297.115001;131540;0
327;2025-02-10 19:54:57.123056;1739217297.123056;0.3;0.0;2025-02-10 19:54:57.287255;1739217297.287255;131624;0
328;2025-02-10 19:54:57.292405;1739217297.292405;0.3;0.0;2025-02-10 19:54:57.458380;1739217297.45838;131524;0
329;2025-02-10 19:54:57.462685;1739217297.462685;0.3;0.0;2025-02-10 19:54:57.626205;1739217297.626205;131588;0
330;2025-02-10 19:54:57.632975;1739217297.632975;0.3;0.0;2025-02-10 19:54:57.797017;1739217297.797017;131592;0
331;2025-02-10 19:54:57.803102;1739217297.803102;0.3;0.0;2025-02-10 19:54:57.964942;1739217297.964942;131520;0
332;2025-02-10 19:54:57.970780;1739217297.97078;0.3;0.0;2025-02-10 19:54:58.136941;1739217298.136941;131676;0
333;2025-02-10 19:54:58.141957;1739217298.141957;0.3;0.0;2025-02-10 19:54:58.304377;1739217298.304377;131592;0
334;2025-02-10 19:54:58.310249;1739217298.310249;0.3;0.0;2025-02-10 19:54:58.472648;1739217298.472648;131580;0
335;2025-02-10 19:54:58.478501;1739217298.478501;0.3;0.0;2025-02-10 19:54:58.643139;1739217298.643139;131564;0
336;2025-02-10 19:54:58.650651;1739217298.650651;0.3;0.0;2025-02-10 19:54:58.821632;1739217298.821632;131592;0
337;2025-02-10 19:54:58.828991;1739217298.828991;0.3;0.0;2025-02-10 19:54:58.991371;1739217298.991371;131644;0
338;2025-02-10 19:54:58.997018;1739217298.997018;0.3;0.0;2025-02-10 19:54:59.159002;1739217299.159002;131636;0
339;2025-02-10 19:54:59.166777;1739217299.166777;0.3;0.0;2025-02-10 19:54:59.330270;1739217299.33027;131652;0
340;2025-02-10 19:54:59.335532;1739217299.335532;0.3;0.0;2025-02-10 19:54:59.498566;1739217299.498566;131668;0
341;2025-02-10 19:54:59.503022;1739217299.503022;0.3;0.0;2025-02-10 19:54:59.664586;1739217299.664586;131548;0
342;2025-02-10 19:54:59.671286;1739217299.671286;0.3;0.0;2025-02-10 19:54:59.835819;1739217299.835819;131600;0
343;2025-02-10 19:54:59.840970;1739217299.84097;0.3;0.0;2025-02-10 19:55:00.003767;1739217300.003767;131672;0
344;2025-02-10 19:55:00.009799;1739217300.009799;0.3;0.0;2025-02-10 19:55:00.173201;1739217300.173201;131720;0
345;2025-02-10 19:55:00.180553;1739217300.180553;0.3;0.0;2025-02-10 19:55:00.345710;1739217300.34571;131748;0
346;2025-02-10 19:55:00.350750;1739217300.35075;0.3;0.0;2025-02-10 19:55:00.514259;1739217300.514259;131680;0
347;2025-02-10 19:55:00.519632;1739217300.519632;0.3;0.0;2025-02-10 19:55:00.682222;1739217300.682222;131536;0
348;2025-02-10 19:55:00.687629;1739217300.687629;0.3;0.0;2025-02-10 19:55:00.853553;1739217300.853553;131572;0
349;2025-02-10 19:55:00.860119;1739217300.860119;0.3;0.0;2025-02-10 19:55:01.022891;1739217301.022891;131568;0
350;2025-02-10 19:55:01.035768;1739217301.035768;0.3;0.0;2025-02-10 19:55:01.199763;1739217301.199763;131744;0
351;2025-02-10 19:55:01.204983;1739217301.204983;0.3;0.0;2025-02-10 19:55:01.367697;1739217301.367697;131740;0
352;2025-02-10 19:55:01.373554;1739217301.373554;0.3;0.0;2025-02-10 19:55:01.535028;1739217301.535028;131612;0
353;2025-02-10 19:55:01.539640;1739217301.53964;0.3;0.0;2025-02-10 19:55:01.703823;1739217301.703823;131604;0
354;2025-02-10 19:55:01.709021;1739217301.709021;0.3;0.0;2025-02-10 19:55:01.874056;1739217301.874056;131632;0
355;2025-02-10 19:55:01.879019;1739217301.879019;0.3;0.0;2025-02-10 19:55:02.045243;1739217302.045243;131596;0
356;2025-02-10 19:55:02.050788;1739217302.050788;0.3;0.0;2025-02-10 19:55:02.212321;1739217302.212321;131648;0
357;2025-02-10 19:55:02.217962;1739217302.217962;0.3;0.0;2025-02-10 19:55:02.380131;1739217302.380131;131576;0
358;2025-02-10 19:55:02.385601;1739217302.385601;0.3;0.0;2025-02-10 19:55:02.550851;1739217302.550851;131572;0
359;2025-02-10 19:55:02.557903;1739217302.557903;0.3;0.0;2025-02-10 19:55:02.721219;1739217302.721219;131736;0
360;2025-02-10 19:55:02.727053;1739217302.727053;0.3;0.0;2025-02-10 19:55:02.891705;1739217302.891705;131596;0
361;2025-02-10 19:55:02.896237;1739217302.896237;0.3;0.0;2025-02-10 19:55:03.058541;1739217303.058541;131628;0
362;2025-02-10 19:55:03.064069;1739217303.064069;0.3;0.0;2025-02-10 19:55:03.226056;1739217303.226056;131592;0
363;2025-02-10 19:55:03.231922;1739217303.231922;0.3;0.0;2025-02-10 19:55:03.400418;1739217303.400418;131596;0
364;2025-02-10 19:55:03.405264;1739217303.405264;0.3;0.0;2025-02-10 19:55:03.568315;1739217303.568315;131600;0
365;2025-02-10 19:55:03.574671;1739217303.574671;0.3;0.0;2025-02-10 19:55:03.737783;1739217303.737783;131640;0
366;2025-02-10 19:55:03.746719;1739217303.746719;0.3;0.0;2025-02-10 19:55:03.913974;1739217303.913974;131676;0
367;2025-02-10 19:55:03.919161;1739217303.919161;0.3;0.0;2025-02-10 19:55:04.082494;1739217304.082494;131608;0
368;2025-02-10 19:55:04.087676;1739217304.087676;0.3;0.0;2025-02-10 19:55:04.252571;1739217304.252571;131660;0
369;2025-02-10 19:55:04.257360;1739217304.25736;0.3;0.0;2025-02-10 19:55:04.420691;1739217304.420691;131656;0
370;2025-02-10 19:55:04.426548;1739217304.426548;0.3;0.0;2025-02-10 19:55:04.588064;1739217304.588064;131684;0
371;2025-02-10 19:55:04.595255;1739217304.595255;0.3;0.0;2025-02-10 19:55:04.760594;1739217304.760594;131632;0
372;2025-02-10 19:55:04.764865;1739217304.764865;0.3;0.0;2025-02-10 19:55:04.929047;1739217304.929047;131636;0
373;2025-02-10 19:55:04.934511;1739217304.934511;0.3;0.0;2025-02-10 19:55:05.101352;1739217305.101352;131812;0
374;2025-02-10 19:55:05.107402;1739217305.107402;0.3;0.0;2025-02-10 19:55:05.270641;1739217305.270641;131780;0
375;2025-02-10 19:55:05.275227;1739217305.275227;0.3;0.0;2025-02-10 19:55:05.438579;1739217305.438579;131780;0
376;2025-02-10 19:55:05.442808;1739217305.442808;0.3;0.0;2025-02-10 19:55:05.608344;1739217305.608344;131776;0
377;2025-02-10 19:55:05.613658;1739217305.613658;0.3;0.0;2025-02-10 19:55:05.777213;1739217305.777213;131804;0
378;2025-02-10 19:55:05.782999;1739217305.782999;0.3;0.0;2025-02-10 19:55:05.944941;1739217305.944941;131740;0
379;2025-02-10 19:55:05.952421;1739217305.952421;0.3;0.0;2025-02-10 19:55:06.117798;1739217306.117798;131724;0
380;2025-02-10 19:55:06.124095;1739217306.124095;0.3;0.0;2025-02-10 19:55:06.288617;1739217306.288617;131816;0
381;2025-02-10 19:55:06.293935;1739217306.293935;0.3;0.0;2025-02-10 19:55:06.456225;1739217306.456225;131752;0
382;2025-02-10 19:55:06.460282;1739217306.460282;0.3;0.0;2025-02-10 19:55:06.622750;1739217306.62275;131592;0
383;2025-02-10 19:55:06.627589;1739217306.627589;0.3;0.0;2025-02-10 19:55:06.792057;1739217306.792057;131620;0
384;2025-02-10 19:55:06.802810;1739217306.80281;0.3;0.0;2025-02-10 19:55:06.968214;1739217306.968214;131552;0
385;2025-02-10 19:55:06.972927;1739217306.972927;0.3;0.0;2025-02-10 19:55:07.134418;1739217307.134418;131704;0
386;2025-02-10 19:55:07.140584;1739217307.140584;0.3;0.0;2025-02-10 19:55:07.304045;1739217307.304045;131520;0
387;2025-02-10 19:55:07.312717;1739217307.312717;0.3;0.0;2025-02-10 19:55:07.475263;1739217307.475263;131572;0
388;2025-02-10 19:55:07.481336;1739217307.481336;0.3;0.0;2025-02-10 19:55:07.644126;1739217307.644126;131676;0
389;2025-02-10 19:55:07.650107;1739217307.650107;0.3;0.0;2025-02-10 19:55:07.812749;1739217307.812749;131640;0
390;2025-02-10 19:55:07.817328;1739217307.817328;0.3;0.0;2025-02-10 19:55:07.978705;1739217307.978705;131628;0
391;2025-02-10 19:55:07.983858;1739217307.983858;0.3;0.0;2025-02-10 19:55:08.148185;1739217308.148185;131624;0
392;2025-02-10 19:55:08.154277;1739217308.154277;0.3;0.0;2025-02-10 19:55:08.320142;1739217308.320142;131716;0
393;2025-02-10 19:55:08.325630;1739217308.32563;0.3;0.0;2025-02-10 19:55:08.489133;1739217308.489133;131688;0
394;2025-02-10 19:55:08.494094;1739217308.494094;0.3;0.0;2025-02-10 19:55:08.656871;1739217308.656871;131608;0
395;2025-02-10 19:55:08.661525;1739217308.661525;0.3;0.0;2025-02-10 19:55:08.824757;1739217308.824757;131604;0
396;2025-02-10 19:55:08.831068;1739217308.831068;0.3;0.0;2025-02-10 19:55:09.004560;1739217309.00456;131632;0
397;2025-02-10 19:55:09.010262;1739217309.010262;0.3;0.0;2025-02-10 19:55:09.173822;1739217309.173822;131568;0
398;2025-02-10 19:55:09.179523;1739217309.179523;0.3;0.0;2025-02-10 19:55:09.345701;1739217309.345701;131664;0
399;2025-02-10 19:55:09.350901;1739217309.350901;0.3;0.0;2025-02-10 19:55:09.514661;1739217309.514661;131636;0
400;2025-02-10 19:55:09.523173;1739217309.523173;0.3;0.0;2025-02-10 19:55:09.686411;1739217309.686411;131640;0
401;2025-02-10 19:55:09.691258;1739217309.691258;0.3;0.0;2025-02-10 19:55:09.856238;1739217309.856238;131628;0
402;2025-02-10 19:55:09.860444;1739217309.860444;0.3;0.0;2025-02-10 19:55:10.023820;1739217310.02382;131616;0
403;2025-02-10 19:55:10.029807;1739217310.029807;0.3;0.0;2025-02-10 19:55:10.191944;1739217310.191944;131620;0
404;2025-02-10 19:55:10.197739;1739217310.197739;0.3;0.0;2025-02-10 19:55:10.364358;1739217310.364358;131540;0
405;2025-02-10 19:55:10.369131;1739217310.369131;0.3;0.0;2025-02-10 19:55:10.533636;1739217310.533636;131632;0
406;2025-02-10 19:55:10.541696;1739217310.541696;0.3;0.0;2025-02-10 19:55:10.708264;1739217310.708264;131648;0
407;2025-02-10 19:55:10.714902;1739217310.714902;0.3;0.0;2025-02-10 19:55:10.888879;1739217310.888879;131664;0
408;2025-02-10 19:55:10.902867;1739217310.902867;0.3;0.0;2025-02-10 19:55:11.064438;1739217311.064438;131652;0
409;2025-02-10 19:55:11.070973;1739217311.070973;0.3;0.0;2025-02-10 19:55:11.233772;1739217311.233772;131688;0
410;2025-02-10 19:55:11.238418;1739217311.238418;0.3;0.0;2025-02-10 19:55:11.403586;1739217311.403586;131716;0
411;2025-02-10 19:55:11.409336;1739217311.409336;0.3;0.0;2025-02-10 19:55:11.573776;1739217311.573776;131680;0
412;2025-02-10 19:55:11.579067;1739217311.579067;0.3;0.0;2025-02-10 19:55:11.742562;1739217311.742562;131712;0
413;2025-02-10 19:55:11.747813;1739217311.747813;0.3;0.0;2025-02-10 19:55:11.910049;1739217311.910049;131576;0
414;2025-02-10 19:55:11.917259;1739217311.917259;0.3;0.0;2025-02-10 19:55:12.080951;1739217312.080951;131696;0
415;2025-02-10 19:55:12.085911;1739217312.085911;0.3;0.0;2025-02-10 19:55:12.248578;1739217312.248578;131692;0
416;2025-02-10 19:55:12.253957;1739217312.253957;0.3;0.0;2025-02-10 19:55:12.414786;1739217312.414786;131492;0
417;2025-02-10 19:55:12.421843;1739217312.421843;0.3;0.0;2025-02-10 19:55:12.586093;1739217312.586093;131660;0
418;2025-02-10 19:55:12.593061;1739217312.593061;0.3;0.0;2025-02-10 19:55:12.758423;1739217312.758423;131680;0
419;2025-02-10 19:55:12.763876;1739217312.763876;0.3;0.0;2025-02-10 19:55:12.928199;1739217312.928199;131636;0
420;2025-02-10 19:55:12.935881;1739217312.935881;0.3;0.0;2025-02-10 19:55:13.097105;1739217313.097105;131700;0
421;2025-02-10 19:55:13.102433;1739217313.102433;0.3;0.0;2025-02-10 19:55:13.266501;1739217313.266501;131688;0
422;2025-02-10 19:55:13.272334;1739217313.272334;0.3;0.0;2025-02-10 19:55:13.432615;1739217313.432615;131764;0
423;2025-02-10 19:55:13.437178;1739217313.437178;0.3;0.0;2025-02-10 19:55:13.602375;1739217313.602375;131660;0
424;2025-02-10 19:55:13.610771;1739217313.610771;0.3;0.0;2025-02-10 19:55:13.772956;1739217313.772956;131724;0
425;2025-02-10 19:55:13.777776;1739217313.777776;0.3;0.0;2025-02-10 19:55:13.937171;1739217313.937171;131724;0
426;2025-02-10 19:55:13.941226;1739217313.941226;0.3;0.0;2025-02-10 19:55:14.101501;1739217314.101501;131600;0
427;2025-02-10 19:55:14.105763;1739217314.105763;0.3;0.0;2025-02-10 19:55:14.266671;1739217314.266671;131724;0
428;2025-02-10 19:55:14.271099;1739217314.271099;0.3;0.0;2025-02-10 19:55:14.430849;1739217314.430849;131680;0
429;2025-02-10 19:55:14.434546;1739217314.434546;0.3;0.0;2025-02-10 19:55:14.594129;1739217314.594129;131576;0
430;2025-02-10 19:55:14.597509;1739217314.597509;0.3;0.0;2025-02-10 19:55:14.761212;1739217314.761212;131716;0
431;2025-02-10 19:55:14.763946;1739217314.763946;0.3;0.0;2025-02-10 19:55:14.922038;1739217314.922038;131680;0
432;2025-02-10 19:55:14.925444;1739217314.925444;0.3;0.0;2025-02-10 19:55:15.082016;1739217315.082016;131608;0
433;2025-02-10 19:55:15.084458;1739217315.084458;0.3;0.0;2025-02-10 19:55:15.240644;1739217315.240644;131672;0
434;2025-02-10 19:55:15.243201;1739217315.243201;0.3;0.0;2025-02-10 19:55:15.400051;1739217315.400051;131680;0
435;2025-02-10 19:55:15.402214;1739217315.402214;0.3;0.0;2025-02-10 19:55:15.558031;1739217315.558031;131680;0
436;2025-02-10 19:55:15.560856;1739217315.560856;0.3;0.0;2025-02-10 19:55:15.716940;1739217315.71694;131692;0
437;2025-02-10 19:55:15.719077;1739217315.719077;0.3;0.0;2025-02-10 19:55:15.874781;1739217315.874781;131692;0
438;2025-02-10 19:55:15.876729;1739217315.876729;0.3;0.0;2025-02-10 19:55:16.031962;1739217316.031962;131684;0
439;2025-02-10 19:55:16.034535;1739217316.034535;0.3;0.0;2025-02-10 19:55:16.190693;1739217316.190693;131560;0
440;2025-02-10 19:55:16.192988;1739217316.192988;0.3;0.0;2025-02-10 19:55:16.349207;1739217316.349207;131692;0
441;2025-02-10 19:55:16.351859;1739217316.351859;0.3;0.0;2025-02-10 19:55:16.508758;1739217316.508758;131684;0
442;2025-02-10 19:55:16.512245;1739217316.512245;0.3;0.0;2025-02-10 19:55:16.669181;1739217316.669181;131740;0
443;2025-02-10 19:55:16.671427;1739217316.671427;0.3;0.0;2025-02-10 19:55:16.827061;1739217316.827061;131708;0
444;2025-02-10 19:55:16.829522;1739217316.829522;0.3;0.0;2025-02-10 19:55:16.985565;1739217316.985565;131664;0
445;2025-02-10 19:55:16.987648;1739217316.987648;0.3;0.0;2025-02-10 19:55:17.143220;1739217317.14322;131708;0
446;2025-02-10 19:55:17.145952;1739217317.145952;0.3;0.0;2025-02-10 19:55:17.303432;1739217317.303432;131552;0
447;2025-02-10 19:55:17.305591;1739217317.305591;0.3;0.0;2025-02-10 19:55:17.461174;1739217317.461174;131664;0
448;2025-02-10 19:55:17.463880;1739217317.46388;0.3;0.0;2025-02-10 19:55:17.621194;1739217317.621194;131676;0
449;2025-02-10 19:55:17.623276;1739217317.623276;0.3;0.0;2025-02-10 19:55:17.779047;1739217317.779047;131684;0
450;2025-02-10 19:55:17.781479;1739217317.781479;0.3;0.0;2025-02-10 19:55:17.939953;1739217317.939953;131684;0
451;2025-02-10 19:55:17.942725;1739217317.942725;0.3;0.0;2025-02-10 19:55:18.099576;1739217318.099576;131684;0
452;2025-02-10 19:55:18.102058;1739217318.102058;0.3;0.0;2025-02-10 19:55:18.259429;1739217318.259429;131564;0
453;2025-02-10 19:55:18.261806;1739217318.261806;0.3;0.0;2025-02-10 19:55:18.418386;1739217318.418386;131684;0
454;2025-02-10 19:55:18.420946;1739217318.420946;0.3;0.0;2025-02-10 19:55:18.577519;1739217318.577519;131684;0
455;2025-02-10 19:55:18.580207;1739217318.580207;0.3;0.0;2025-02-10 19:55:18.736343;1739217318.736343;131792;0
456;2025-02-10 19:55:18.738559;1739217318.738559;0.3;0.0;2025-02-10 19:55:18.894881;1739217318.894881;131684;0
457;2025-02-10 19:55:18.897741;1739217318.897741;0.3;0.0;2025-02-10 19:55:19.054954;1739217319.054954;131640;0
458;2025-02-10 19:55:19.057191;1739217319.057191;0.3;0.0;2025-02-10 19:55:19.215449;1739217319.215449;131684;0
459;2025-02-10 19:55:19.217953;1739217319.217953;0.3;0.0;2025-02-10 19:55:19.373995;1739217319.373995;131560;0
460;2025-02-10 19:55:19.376113;1739217319.376113;0.3;0.0;2025-02-10 19:55:19.533343;1739217319.533343;131648;0
461;2025-02-10 19:55:19.535941;1739217319.535941;0.3;0.0;2025-02-10 19:55:19.693160;1739217319.69316;131700;0
462;2025-02-10 19:55:19.695375;1739217319.695375;0.3;0.0;2025-02-10 19:55:19.852498;1739217319.852498;131524;0
463;2025-02-10 19:55:19.854875;1739217319.854875;0.3;0.0;2025-02-10 19:55:20.011467;1739217320.011467;131656;0
464;2025-02-10 19:55:20.013991;1739217320.013991;0.3;0.0;2025-02-10 19:55:20.172573;1739217320.172573;131656;0
465;2025-02-10 19:55:20.175867;1739217320.175867;0.3;0.0;2025-02-10 19:55:20.333810;1739217320.33381;131556;0
466;2025-02-10 19:55:20.338360;1739217320.33836;0.3;0.0;2025-02-10 19:55:20.494705;1739217320.494705;131652;0
467;2025-02-10 19:55:20.498015;1739217320.498015;0.3;0.0;2025-02-10 19:55:20.655905;1739217320.655905;131720;0
468;2025-02-10 19:55:20.658459;1739217320.658459;0.3;0.0;2025-02-10 19:55:20.815526;1739217320.815526;131668;0
469;2025-02-10 19:55:20.818953;1739217320.818953;0.3;0.0;2025-02-10 19:55:20.976099;1739217320.976099;131712;0
470;2025-02-10 19:55:20.979409;1739217320.979409;0.3;0.0;2025-02-10 19:55:21.138339;1739217321.138339;131720;0
471;2025-02-10 19:55:21.141268;1739217321.141268;0.3;0.0;2025-02-10 19:55:21.297398;1739217321.297398;131676;0
472;2025-02-10 19:55:21.300410;1739217321.30041;0.3;0.0;2025-02-10 19:55:21.458333;1739217321.458333;131552;0
473;2025-02-10 19:55:21.462119;1739217321.462119;0.3;0.0;2025-02-10 19:55:21.620338;1739217321.620338;131696;0
474;2025-02-10 19:55:21.622888;1739217321.622888;0.3;0.0;2025-02-10 19:55:21.779659;1739217321.779659;131652;0
475;2025-02-10 19:55:21.783539;1739217321.783539;0.3;0.0;2025-02-10 19:55:21.941258;1739217321.941258;131704;0
476;2025-02-10 19:55:21.944171;1739217321.944171;0.3;0.0;2025-02-10 19:55:22.103429;1739217322.103429;131660;0
477;2025-02-10 19:55:22.107078;1739217322.107078;0.3;0.0;2025-02-10 19:55:22.264465;1739217322.264465;131696;0
478;2025-02-10 19:55:22.267740;1739217322.26774;0.3;0.0;2025-02-10 19:55:22.424013;1739217322.424013;131588;0
479;2025-02-10 19:55:22.426646;1739217322.426646;0.3;0.0;2025-02-10 19:55:22.584189;1739217322.584189;131660;0
480;2025-02-10 19:55:22.587879;1739217322.587879;0.3;0.0;2025-02-10 19:55:22.747196;1739217322.747196;131688;0
481;2025-02-10 19:55:22.750134;1739217322.750134;0.3;0.0;2025-02-10 19:55:22.907739;1739217322.907739;131688;0
482;2025-02-10 19:55:22.910865;1739217322.910865;0.3;0.0;2025-02-10 19:55:23.069057;1739217323.069057;131688;0
483;2025-02-10 19:55:23.071483;1739217323.071483;0.3;0.0;2025-02-10 19:55:23.227821;1739217323.227821;131644;0
484;2025-02-10 19:55:23.231085;1739217323.231085;0.3;0.0;2025-02-10 19:55:23.388456;1739217323.388456;131672;0
485;2025-02-10 19:55:23.390727;1739217323.390727;0.3;0.0;2025-02-10 19:55:23.547483;1739217323.547483;131512;0
486;2025-02-10 19:55:23.551323;1739217323.551323;0.3;0.0;2025-02-10 19:55:23.708753;1739217323.708753;131692;0
487;2025-02-10 19:55:23.711056;1739217323.711056;0.3;0.0;2025-02-10 19:55:23.867078;1739217323.867078;131648;0
488;2025-02-10 19:55:23.869715;1739217323.869715;0.3;0.0;2025-02-10 19:55:24.025451;1739217324.025451;131656;0
489;2025-02-10 19:55:24.028298;1739217324.028298;0.3;0.0;2025-02-10 19:55:24.185410;1739217324.18541;131640;0
490;2025-02-10 19:55:24.187699;1739217324.187699;0.3;0.0;2025-02-10 19:55:24.343873;1739217324.343873;131648;0
491;2025-02-10 19:55:24.346392;1739217324.346392;0.3;0.0;2025-02-10 19:55:24.503482;1739217324.503482;131684;0
492;2025-02-10 19:55:24.506203;1739217324.506203;0.3;0.0;2025-02-10 19:55:24.664027;1739217324.664027;131680;0
493;2025-02-10 19:55:24.666983;1739217324.666983;0.3;0.0;2025-02-10 19:55:24.823820;1739217324.82382;131680;0
494;2025-02-10 19:55:24.827295;1739217324.827295;0.3;0.0;2025-02-10 19:55:24.984205;1739217324.984205;131628;0
495;2025-02-10 19:55:24.986679;1739217324.986679;0.3;0.0;2025-02-10 19:55:25.143325;1739217325.143325;131504;0
496;2025-02-10 19:55:25.146516;1739217325.146516;0.3;0.0;2025-02-10 19:55:25.304457;1739217325.304457;131524;0
497;2025-02-10 19:55:25.307677;1739217325.307677;0.3;0.0;2025-02-10 19:55:25.464250;1739217325.46425;131628;0
498;2025-02-10 19:55:25.466830;1739217325.46683;0.3;0.0;2025-02-10 19:55:25.624310;1739217325.62431;131584;0
499;2025-02-10 19:55:25.628100;1739217325.6281;0.3;0.0;2025-02-10 19:55:25.786514;1739217325.786514;131704;0
500;2025-02-10 19:55:25.789516;1739217325.789516;0.3;0.0;2025-02-10 19:55:25.946022;1739217325.946022;131652;0
501;2025-02-10 19:55:25.949367;1739217325.949367;0.3;0.0;2025-02-10 19:55:26.105170;1739217326.10517;131588;0
502;2025-02-10 19:55:26.108029;1739217326.108029;0.3;0.0;2025-02-10 19:55:26.265114;1739217326.265114;131648;0
503;2025-02-10 19:55:26.267472;1739217326.267472;0.3;0.0;2025-02-10 19:55:26.423839;1739217326.423839;131648;0
504;2025-02-10 19:55:26.426600;1739217326.4266;0.3;0.0;2025-02-10 19:55:26.583836;1739217326.583836;131656;0
505;2025-02-10 19:55:26.586588;1739217326.586588;0.3;0.0;2025-02-10 19:55:26.742926;1739217326.742926;131664;0
506;2025-02-10 19:55:26.745356;1739217326.745356;0.3;0.0;2025-02-10 19:55:26.903676;1739217326.903676;131664;0
507;2025-02-10 19:55:26.906763;1739217326.906763;0.3;0.0;2025-02-10 19:55:27.064215;1739217327.064215;131708;0
508;2025-02-10 19:55:27.067261;1739217327.067261;0.3;0.0;2025-02-10 19:55:27.223356;1739217327.223356;131544;0
509;2025-02-10 19:55:27.226021;1739217327.226021;0.3;0.0;2025-02-10 19:55:27.383026;1739217327.383026;131664;0
510;2025-02-10 19:55:27.385866;1739217327.385866;0.3;0.0;2025-02-10 19:55:27.543632;1739217327.543632;131656;0
511;2025-02-10 19:55:27.546978;1739217327.546978;0.3;0.0;2025-02-10 19:55:27.704565;1739217327.704565;131600;0
512;2025-02-10 19:55:27.707680;1739217327.70768;0.3;0.0;2025-02-10 19:55:27.864900;1739217327.8649;131660;0
513;2025-02-10 19:55:27.868373;1739217327.868373;0.3;0.0;2025-02-10 19:55:28.026587;1739217328.026587;131652;0
514;2025-02-10 19:55:28.029787;1739217328.029787;0.3;0.0;2025-02-10 19:55:28.187220;1739217328.18722;131696;0
515;2025-02-10 19:55:28.190671;1739217328.190671;0.3;0.0;2025-02-10 19:55:28.347137;1739217328.347137;131688;0
516;2025-02-10 19:55:28.349920;1739217328.34992;0.3;0.0;2025-02-10 19:55:28.506079;1739217328.506079;131660;0
517;2025-02-10 19:55:28.509320;1739217328.50932;0.3;0.0;2025-02-10 19:55:28.666884;1739217328.666884;131680;0
518;2025-02-10 19:55:28.670718;1739217328.670718;0.3;0.0;2025-02-10 19:55:28.826919;1739217328.826919;131548;0
519;2025-02-10 19:55:28.829816;1739217328.829816;0.3;0.0;2025-02-10 19:55:28.986370;1739217328.98637;131672;0
520;2025-02-10 19:55:28.989528;1739217328.989528;0.3;0.0;2025-02-10 19:55:29.149111;1739217329.149111;131672;0
521;2025-02-10 19:55:29.152192;1739217329.152192;0.3;0.0;2025-02-10 19:55:29.310348;1739217329.310348;131680;0
522;2025-02-10 19:55:29.312988;1739217329.312988;0.3;0.0;2025-02-10 19:55:29.469997;1739217329.469997;131680;0
523;2025-02-10 19:55:29.472586;1739217329.472586;0.3;0.0;2025-02-10 19:55:29.629505;1739217329.629505;131676;0
524;2025-02-10 19:55:29.632738;1739217329.632738;0.3;0.0;2025-02-10 19:55:29.789666;1739217329.789666;131568;0
525;2025-02-10 19:55:29.793443;1739217329.793443;0.3;0.0;2025-02-10 19:55:29.951914;1739217329.951914;131632;0
526;2025-02-10 19:55:29.955157;1739217329.955157;0.3;0.0;2025-02-10 19:55:30.113909;1739217330.113909;131640;0
527;2025-02-10 19:55:30.116627;1739217330.116627;0.3;0.0;2025-02-10 19:55:30.275228;1739217330.275228;131676;0
528;2025-02-10 19:55:30.277962;1739217330.277962;0.3;0.0;2025-02-10 19:55:30.435173;1739217330.435173;131632;0
529;2025-02-10 19:55:30.437564;1739217330.437564;0.3;0.0;2025-02-10 19:55:30.594983;1739217330.594983;131640;0
530;2025-02-10 19:55:30.598176;1739217330.598176;0.3;0.0;2025-02-10 19:55:30.754013;1739217330.754013;131644;0
531;2025-02-10 19:55:30.756475;1739217330.756475;0.3;0.0;2025-02-10 19:55:30.912058;1739217330.912058;131636;0
532;2025-02-10 19:55:30.914666;1739217330.914666;0.3;0.0;2025-02-10 19:55:31.072432;1739217331.072432;131644;0
533;2025-02-10 19:55:31.075363;1739217331.075363;0.3;0.0;2025-02-10 19:55:31.232689;1739217331.232689;131636;0
534;2025-02-10 19:55:31.235487;1739217331.235487;0.3;0.0;2025-02-10 19:55:31.392185;1739217331.392185;131640;0
535;2025-02-10 19:55:31.394491;1739217331.394491;0.3;0.0;2025-02-10 19:55:31.550542;1739217331.550542;131648;0
536;2025-02-10 19:55:31.552942;1739217331.552942;0.3;0.0;2025-02-10 19:55:31.709802;1739217331.709802;131676;0
537;2025-02-10 19:55:31.712301;1739217331.712301;0.3;0.0;2025-02-10 19:55:31.870584;1739217331.870584;131584;0
538;2025-02-10 19:55:31.873436;1739217331.873436;0.3;0.0;2025-02-10 19:55:32.030028;1739217332.030028;131624;0
539;2025-02-10 19:55:32.032899;1739217332.032899;0.3;0.0;2025-02-10 19:55:32.189560;1739217332.18956;131632;0
540;2025-02-10 19:55:32.192314;1739217332.192314;0.3;0.0;2025-02-10 19:55:32.349840;1739217332.34984;131668;0
541;2025-02-10 19:55:32.352526;1739217332.352526;0.3;0.0;2025-02-10 19:55:32.508527;1739217332.508527;131676;0
542;2025-02-10 19:55:32.511149;1739217332.511149;0.3;0.0;2025-02-10 19:55:32.667544;1739217332.667544;131648;0
543;2025-02-10 19:55:32.670175;1739217332.670175;0.3;0.0;2025-02-10 19:55:32.826447;1739217332.826447;131648;0
544;2025-02-10 19:55:32.828917;1739217332.828917;0.3;0.0;2025-02-10 19:55:32.986070;1739217332.98607;131656;0
545;2025-02-10 19:55:32.989315;1739217332.989315;0.3;0.0;2025-02-10 19:55:33.145917;1739217333.145917;131648;0
546;2025-02-10 19:55:33.148411;1739217333.148411;0.3;0.0;2025-02-10 19:55:33.304360;1739217333.30436;131656;0
547;2025-02-10 19:55:33.308201;1739217333.308201;0.3;0.0;2025-02-10 19:55:33.465124;1739217333.465124;131596;0
548;2025-02-10 19:55:33.468757;1739217333.468757;0.3;0.0;2025-02-10 19:55:33.625683;1739217333.625683;131644;0
549;2025-02-10 19:55:33.628140;1739217333.62814;0.3;0.0;2025-02-10 19:55:33.784216;1739217333.784216;131652;0
550;2025-02-10 19:55:33.786651;1739217333.786651;0.3;0.0;2025-02-10 19:55:33.943541;1739217333.943541;131644;0
551;2025-02-10 19:55:33.946924;1739217333.946924;0.3;0.0;2025-02-10 19:55:34.103540;1739217334.10354;131680;0
552;2025-02-10 19:55:34.105903;1739217334.105903;0.3;0.0;2025-02-10 19:55:34.262325;1739217334.262325;131668;0
553;2025-02-10 19:55:34.264590;1739217334.26459;0.3;0.0;2025-02-10 19:55:34.420737;1739217334.420737;131656;0
554;2025-02-10 19:55:34.423211;1739217334.423211;0.3;0.0;2025-02-10 19:55:34.579866;1739217334.579866;131648;0
555;2025-02-10 19:55:34.582962;1739217334.582962;0.3;0.0;2025-02-10 19:55:34.740209;1739217334.740209;131648;0
556;2025-02-10 19:55:34.742626;1739217334.742626;0.3;0.0;2025-02-10 19:55:34.899299;1739217334.899299;131656;0
557;2025-02-10 19:55:34.901698;1739217334.901698;0.3;0.0;2025-02-10 19:55:35.057166;1739217335.057166;131644;0
558;2025-02-10 19:55:35.059759;1739217335.059759;0.3;0.0;2025-02-10 19:55:35.217534;1739217335.217534;131668;0
559;2025-02-10 19:55:35.220442;1739217335.220442;0.3;0.0;2025-02-10 19:55:35.376995;1739217335.376995;131668;0
560;2025-02-10 19:55:35.379505;1739217335.379505;0.3;0.0;2025-02-10 19:55:35.535887;1739217335.535887;131764;0
561;2025-02-10 19:55:35.538256;1739217335.538256;0.3;0.0;2025-02-10 19:55:35.694867;1739217335.694867;131652;0
562;2025-02-10 19:55:35.697333;1739217335.697333;0.3;0.0;2025-02-10 19:55:35.854395;1739217335.854395;131652;0
563;2025-02-10 19:55:35.856989;1739217335.856989;0.3;0.0;2025-02-10 19:55:36.013149;1739217336.013149;131652;0
564;2025-02-10 19:55:36.015830;1739217336.01583;0.3;0.0;2025-02-10 19:55:36.172134;1739217336.172134;131608;0
565;2025-02-10 19:55:36.174228;1739217336.174228;0.3;0.0;2025-02-10 19:55:36.330912;1739217336.330912;131608;0
566;2025-02-10 19:55:36.334310;1739217336.33431;0.3;0.0;2025-02-10 19:55:36.491264;1739217336.491264;131660;0
567;2025-02-10 19:55:36.494188;1739217336.494188;0.3;0.0;2025-02-10 19:55:36.652341;1739217336.652341;131660;0
568;2025-02-10 19:55:36.654690;1739217336.65469;0.3;0.0;2025-02-10 19:55:36.811505;1739217336.811505;131656;0
569;2025-02-10 19:55:36.814385;1739217336.814385;0.3;0.0;2025-02-10 19:55:36.971737;1739217336.971737;131648;0
570;2025-02-10 19:55:36.973960;1739217336.97396;0.3;0.0;2025-02-10 19:55:37.129918;1739217337.129918;131632;0
571;2025-02-10 19:55:37.132204;1739217337.132204;0.3;0.0;2025-02-10 19:55:37.288238;1739217337.288238;131652;0
572;2025-02-10 19:55:37.290696;1739217337.290696;0.3;0.0;2025-02-10 19:55:37.447457;1739217337.447457;131644;0
573;2025-02-10 19:55:37.450188;1739217337.450188;0.3;0.0;2025-02-10 19:55:37.607058;1739217337.607058;131656;0
574;2025-02-10 19:55:37.610155;1739217337.610155;0.3;0.0;2025-02-10 19:55:37.771008;1739217337.771008;131688;0
575;2025-02-10 19:55:37.774526;1739217337.774526;0.3;0.0;2025-02-10 19:55:37.931486;1739217337.931486;131668;0
576;2025-02-10 19:55:37.934259;1739217337.934259;0.3;0.0;2025-02-10 19:55:38.090861;1739217338.090861;131612;0
577;2025-02-10 19:55:38.092870;1739217338.09287;0.3;0.0;2025-02-10 19:55:38.249049;1739217338.249049;131608;0
578;2025-02-10 19:55:38.251381;1739217338.251381;0.3;0.0;2025-02-10 19:55:38.407375;1739217338.407375;131652;0
579;2025-02-10 19:55:38.410175;1739217338.410175;0.3;0.0;2025-02-10 19:55:38.567057;1739217338.567057;131660;0
580;2025-02-10 19:55:38.569504;1739217338.569504;0.3;0.0;2025-02-10 19:55:38.725676;1739217338.725676;131636;0
581;2025-02-10 19:55:38.728225;1739217338.728225;0.3;0.0;2025-02-10 19:55:38.885109;1739217338.885109;131652;0
582;2025-02-10 19:55:38.887367;1739217338.887367;0.3;0.0;2025-02-10 19:55:39.045188;1739217339.045188;131660;0
583;2025-02-10 19:55:39.049036;1739217339.049036;0.3;0.0;2025-02-10 19:55:39.206529;1739217339.206529;131748;0
584;2025-02-10 19:55:39.208999;1739217339.208999;0.3;0.0;2025-02-10 19:55:39.365347;1739217339.365347;131572;0
585;2025-02-10 19:55:39.367833;1739217339.367833;0.3;0.0;2025-02-10 19:55:39.523846;1739217339.523846;131640;0
586;2025-02-10 19:55:39.526617;1739217339.526617;0.3;0.0;2025-02-10 19:55:39.684435;1739217339.684435;131636;0
587;2025-02-10 19:55:39.686450;1739217339.68645;0.3;0.0;2025-02-10 19:55:39.842513;1739217339.842513;131640;0
588;2025-02-10 19:55:39.845091;1739217339.845091;0.3;0.0;2025-02-10 19:55:40.001523;1739217340.001523;131648;0
589;2025-02-10 19:55:40.004210;1739217340.00421;0.3;0.0;2025-02-10 19:55:40.160935;1739217340.160935;131596;0
